id,state,date,amount,currency_name,currency_code,from,to,description
650703,EXECUTED,2023-09-05T11:30:32Z,16210,Sol,PEN,Счет 58803664561298323391,Счет 39745660563456619397,Перевод организации
3598919,EXECUTED,2020-12-06T23:00:58Z,29740,Peso,COP,Discover 3172601889670065,Discover 0720428384694643,Перевод с карты на карту
593027,CANCELED,2023-07-22T05:02:01Z,30368,Shilling,TZS,Visa 1959232722494097,Visa 6804119550473710,Перевод с карты на карту
366176,EXECUTED,2020-08-02T09:35:18Z,29482,Rupiah,IDR,Discover 0325955596714937,Visa 3820488829287420,Перевод с карты на карту
5380041,CANCELED,2021-02-01T11:54:58Z,23789,Peso,UYU,null,Счет 23294994494356835683,Открытие вклада
1962667,EXECUTED,2023-10-22T09:43:32Z,18588,Peso,COP,Mastercard 7286844946221431,Счет 76145988629288763144,Перевод организации
5294458,EXECUTED,2022-06-20T18:08:20Z,16836,Yuan Renminbi,CNY,Visa 2759011965877198,Счет 38287443300766991082,Перевод с карты на карту
5429839,EXECUTED,2023-06-23T19:46:34Z,25261,Hryvnia,UAH,null,Счет 76768135089446747029,Открытие вклада
3226899,EXECUTED,2023-04-17T09:21:15Z,21680,Koruna,CZK,null,Счет 88329674734590848775,Открытие вклада
3176764,CANCELED,2022-08-24T14:32:38Z,16652,Euro,EUR,Mastercard 8387037425051294,American Express 5556525473658852,Перевод с карты на карту
4234093,EXECUTED,2021-07-08T07:31:21Z,23182,Ruble,RUB,Visa 0773092093872450,Discover 8602781449570491,Перевод с карты на карту
3107343,EXECUTED,2023-01-25T13:33:00Z,33639,Krona,SEK,null,Счет 35662766798195077538,Открытие вклада
2130098,PENDING,2020-06-07T11:11:36Z,30731,Euro,EUR,Visa 5749750597771353,American Express 9106381490184499,Перевод с карты на карту
4653427,PENDING,2020-10-04T12:12:23Z,34072,Yuan Renminbi,CNY,Discover 9058011549803523,Mastercard 5266726031439012,Перевод с карты на карту
4641894,EXECUTED,2021-08-30T12:27:22Z,11111,Krona,SEK,null,Счет 53688013223998817599,Открытие вклада
4813301,EXECUTED,2021-11-02T13:32:15Z,15080,Euro,EUR,Счет 65547878890984510340,Счет 91457207307678002163,Перевод со счета на счет
1449073,CANCELED,2021-05-11T10:06:51Z,11834,Rupiah,IDR,Счет 17847122626293622323,Счет 68570011224094542755,Перевод со счета на счет
2029174,EXECUTED,2022-08-09T17:12:27Z,34143,Yuan Renminbi,CNY,Visa 2717112074981212,Discover 8397322380849617,Перевод с карты на карту
293898,EXECUTED,2023-05-14T18:57:16Z,14031,Peso,PHP,Visa 5962584244183755,Mastercard 8961651103972237,Перевод с карты на карту
1849472,EXECUTED,2021-09-24T14:59:04Z,21741,Yen,JPY,Visa 6665114452549732,American Express 7292521342622607,Перевод с карты на карту
2264916,EXECUTED,2020-12-04T22:59:07Z,25833,Yuan Renminbi,CNY,Discover 2227841726977189,Mastercard 3354646664448456,Перевод с карты на карту
5371445,PENDING,2023-10-19T03:51:33Z,19556,Yuan Renminbi,CNY,Discover 2269057629158313,Discover 1467530652300402,Перевод с карты на карту
5317785,EXECUTED,2020-02-17T01:03:47Z,29816,Zloty,PLN,null,Счет 78438276133237705218,Открытие вклада
3373740,EXECUTED,2020-02-22T02:10:18Z,12439,Peso,MXN,Discover 3471032641828884,Mastercard 3506550658550576,Перевод с карты на карту
1527905,CANCELED,2021-01-15T05:10:15Z,19664,Hryvnia,UAH,Visa 9812145096080028,Mastercard 2052066307781062,Перевод с карты на карту
5447107,EXECUTED,2021-11-01T03:49:47Z,18924,Peso,MXN,Visa 1750234568535711,Mastercard 1365460456366991,Перевод с карты на карту
1690784,CANCELED,2021-11-02T02:03:05Z,27487,Rupiah,IDR,Mastercard 4126837433624990,Visa 1620199906118385,Перевод с карты на карту
1838163,EXECUTED,2020-12-11T05:45:02Z,18154,Yuan Renminbi,CNY,Mastercard 9557665746204580,Discover 0970136905701523,Перевод с карты на карту
5368178,PENDING,2020-07-07T13:57:01Z,22557,Yuan Renminbi,CNY,Mastercard 4225154400758745,Mastercard 0556460753444710,Перевод с карты на карту
1068715,PENDING,2023-08-03T16:00:37Z,18891,Yuan Renminbi,CNY,null,Счет 04362233061130879079,Открытие вклада
302564,EXECUTED,2021-01-05T12:20:25Z,21153,Euro,EUR,null,Счет 65381695235722669691,Открытие вклада
1408892,EXECUTED,2020-08-15T15:35:06Z,16101,Peso,COP,American Express 7606039262578692,Счет 35266864227613549441,Перевод организации
1556435,EXECUTED,2020-06-17T02:29:13Z,27776,Sol,PEN,Mastercard 1191143054153256,Счет 48560440734108989910,Перевод организации
2832473,EXECUTED,2022-01-11T00:56:43Z,12360,Euro,EUR,Discover 5736874734579262,Visa 7416410722264963,Перевод с карты на карту
448808,EXECUTED,2020-02-02T02:06:15Z,14192,Dollar,CAD,Mastercard 8790526356570257,Visa 4436252184653909,Перевод с карты на карту
3143449,EXECUTED,2023-08-31T11:11:51Z,32957,Real,BRL,Visa 9446732032111774,Mastercard 3661534380456235,Перевод с карты на карту
2196934,EXECUTED,2022-04-05T07:17:04Z,24588,Dinar,TND,Счет 68856226464168431377,Счет 64009673148302301520,Перевод со счета на счет
2051401,PENDING,2023-01-14T13:59:44Z,21616,Franc,XAF,Discover 8023806415405011,Discover 4330675064880873,Перевод с карты на карту
1724852,EXECUTED,2021-04-22T20:18:44Z,32530,Peso,COP,Discover 3003758800594505,Discover 3913900928954933,Перевод с карты на карту
3042949,CANCELED,2020-12-28T00:23:57Z,15619,Yen,JPY,Счет 89171183136098678575,Счет 37156155340203759995,Перевод со счета на счет
2035682,EXECUTED,2021-03-24T00:14:15Z,15992,Rupiah,IDR,Visa 9460814254923403,Visa 4565912603866373,Перевод с карты на карту
1801202,EXECUTED,2021-08-31T20:53:22Z,31579,Peso,PHP,Счет 75916879130750839461,Счет 89355195304817814223,Перевод организации
2377317,PENDING,2023-08-14T09:58:41Z,23305,Koruna,CZK,null,Счет 60476196595963796362,Открытие вклада
1199673,EXECUTED,2020-10-07T08:49:52Z,25677,Peso,PHP,American Express 9868997595486172,Visa 0291209661494166,Перевод с карты на карту
2402660,EXECUTED,2020-03-01T14:39:08Z,11132,Dollar,CAD,null,Счет 53522779957660382631,Открытие вклада
930103,EXECUTED,2020-11-30T08:30:48Z,12031,Rupiah,IDR,Mastercard 8149574569861684,Discover 1229618072674328,Перевод с карты на карту
3960261,EXECUTED,2020-04-12T17:56:59Z,18611,Dollar,USD,null,Счет 05766968807462300151,Открытие вклада
1588406,EXECUTED,2021-01-01T14:58:40Z,19924,Rupiah,IDR,Mastercard 4505964110651645,American Express 9119180451193008,Перевод с карты на карту
332490,EXECUTED,2020-12-07T22:38:54Z,28162,Euro,EUR,null,Счет 91982937938752279229,Открытие вклада
5134725,CANCELED,2023-11-09T13:19:45Z,16096,Quetzal,GTQ,Счет 57742872757718903241,Счет 60843316198982025818,Перевод со счета на счет
4011624,EXECUTED,2023-01-10T22:13:49Z,25311,Yuan Renminbi,CNY,Discover 6760437696186407,Mastercard 2625117508517464,Перевод с карты на карту
4739714,CANCELED,2021-03-16T09:50:38Z,29700,Baht,THB,Discover 5448680041474638,Счет 81509213611289630443,Перевод организации
1458490,CANCELED,2022-07-27T14:48:56Z,12715,Rupiah,IDR,Mastercard 7898353316523010,Discover 7865481033896023,Перевод с карты на карту
4115243,EXECUTED,2020-10-02T00:58:23Z,33795,Ariary,MGA,Mastercard 4128552733966298,Visa 3778726670159351,Перевод с карты на карту
3231212,EXECUTED,2021-12-07T14:29:02Z,25077,Real,BRL,Mastercard 7071811090567326,Visa 3745592687709450,Перевод с карты на карту
1781876,PENDING,2023-02-20T11:08:40Z,24586,Franc,XAF,American Express 4188660988695878,American Express 4670165143133955,Перевод с карты на карту
3422007,EXECUTED,2022-02-16T00:17:31Z,14786,Peso,PHP,Счет 85848394284577523191,Счет 40992043018007723745,Перевод организации
2833087,EXECUTED,2022-09-02T21:13:15Z,28421,Hryvnia,UAH,Счет 93938816885471635309,Счет 27679999248091965215,Перевод со счета на счет
3211835,CANCELED,2020-07-03T13:56:11Z,30035,Rial,QAR,Visa 8001999082783412,Mastercard 0430116126947445,Перевод с карты на карту
2627887,CANCELED,2020-01-03T17:08:51Z,18001,Yuan Renminbi,CNY,Mastercard 8757974222871146,Discover 7955094807047223,Перевод с карты на карту
null,null,null,null,null,null,null,null,null
632926,PENDING,2021-11-27T00:46:09Z,29553,Yuan Renminbi,CNY,American Express 6477627838877562,Счет 88381741644903346269,Перевод организации
1539387,EXECUTED,2023-07-29T18:13:23Z,13130,Real,BRL,American Express 9646246622784373,American Express 2760544280145973,Перевод с карты на карту
2919081,EXECUTED,2021-12-23T06:40:02Z,23726,Rupiah,IDR,Mastercard 6966877136646759,Mastercard 7149835655551156,Перевод с карты на карту
5409974,EXECUTED,2022-12-20T08:11:01Z,11789,Franc,CDF,Discover 0845299006275838,Discover 2238215145916055,Перевод с карты на карту
1465795,EXECUTED,2023-10-28T22:58:25Z,12963,Rupiah,IDR,null,Счет 83116045167866860279,Открытие вклада
5055836,PENDING,2022-04-05T03:29:08Z,24796,Zloty,PLN,Mastercard 3588035503290783,Счет 44168961306050363869,Перевод организации
282352,PENDING,2020-12-26T09:39:00Z,32566,Rupiah,IDR,null,Счет 87117715624747483097,Открытие вклада
38740,CANCELED,2023-03-02T12:46:35Z,33674,Ariary,MGA,Счет 61015985923842638044,Счет 34727735024098321865,Перевод со счета на счет
1803973,EXECUTED,2021-09-09T20:25:03Z,13009,Peso,PHP,Mastercard 0079195383170544,Discover 7445133491149659,Перевод с карты на карту
3162071,EXECUTED,2022-11-02T17:44:03Z,20231,Rial,YER,American Express 9087124023963879,Visa 0990855089517781,Перевод с карты на карту
3463793,PENDING,2020-02-25T07:24:59Z,17655,Ruble,RUB,Mastercard 4597611385572324,Visa 0264849140954307,Перевод с карты на карту
2583513,EXECUTED,2020-05-08T02:59:40Z,30473,Yen,JPY,American Express 4260348734990886,Discover 1623518562383702,Перевод с карты на карту
4259899,EXECUTED,2021-08-11T12:25:51Z,12851,Yuan Renminbi,CNY,Discover 0600840143829444,Mastercard 7956693555283113,Перевод с карты на карту
2537217,EXECUTED,2023-06-27T19:53:05Z,25820,Yuan Renminbi,CNY,American Express 6339650600215322,Discover 8283404354492955,Перевод с карты на карту
2599473,EXECUTED,2021-07-04T01:56:56Z,22779,Krone,NOK,Mastercard 2283997217382528,Счет 17324177990501599734,Перевод организации
857580,CANCELED,2021-09-12T03:53:28Z,27751,Yuan Renminbi,CNY,Visa 0651250633302056,Visa 3311516734954339,Перевод с карты на карту
5008516,PENDING,2023-06-30T04:31:34Z,19988,Baht,THB,Discover 0631296518388969,Mastercard 6497034908492124,Перевод с карты на карту
1371181,EXECUTED,2021-12-29T01:39:49Z,26515,Peso,PHP,American Express 5977388088493805,American Express 6189163301783812,Перевод с карты на карту
1473389,EXECUTED,2023-08-30T00:58:36Z,18420,Ruble,RUB,Mastercard 3093124722348405,American Express 6950002720800411,Перевод с карты на карту
1453305,PENDING,2020-06-07T02:07:57Z,12234,Ruble,RUB,Visa 6644696207526766,Mastercard 8548964838326541,Перевод с карты на карту
5062109,CANCELED,2023-02-22T23:31:32Z,22084,Rupiah,IDR,Visa 4615344126170341,American Express 9623944081120709,Перевод с карты на карту
911402,EXECUTED,2022-09-23T21:18:55Z,22900,Real,BRL,null,Счет 16907871406772371230,Открытие вклада
2654815,EXECUTED,2022-06-22T14:01:51Z,17009,Won,KRW,Mastercard 8450843686918928,Visa 8423771049920650,Перевод с карты на карту
5271661,EXECUTED,2020-03-06T10:36:55Z,20641,Dollar,NAD,null,Счет 50213882587846819729,Открытие вклада
2765968,EXECUTED,2022-04-12T04:23:56Z,18108,Euro,EUR,Mastercard 6684485418787422,American Express 5590025961851078,Перевод с карты на карту
5434073,PENDING,2020-10-16T00:33:26Z,33634,Euro,EUR,Discover 6079985810069539,American Express 4187003076609282,Перевод с карты на карту
3438176,EXECUTED,2020-05-12T14:33:20Z,22425,Franc,CHF,Visa 9207427562974659,Visa 1817584319181554,Перевод с карты на карту
5305859,CANCELED,2022-02-03T13:43:10Z,18940,Ruble,RUB,American Express 7575628496748633,American Express 8201977224219171,Перевод с карты на карту
3144804,EXECUTED,2023-03-16T18:31:45Z,20039,Yen,JPY,Visa 4687457674551698,Mastercard 7020431385343637,Перевод с карты на карту
1740751,EXECUTED,2021-09-08T22:23:31Z,34518,Yuan Renminbi,CNY,Счет 30907628929571752743,Счет 35863137762112178701,Перевод со счета на счет
2826625,EXECUTED,2022-01-21T02:42:20Z,28564,Krona,SEK,Visa 2434960923372230,Счет 62389310054726732233,Перевод организации
1738376,CANCELED,2020-10-24T04:37:19Z,13638,Yen,JPY,Discover 5838445654310457,Mastercard 1227184681117045,Перевод с карты на карту
4224500,EXECUTED,2022-06-03T06:31:10Z,30213,Rupiah,IDR,Visa 8252693278307583,American Express 1020430252920987,Перевод с карты на карту
212502,EXECUTED,2021-12-03T14:07:06Z,21574,Ruble,RUB,Счет 22246813624466689601,Счет 60148056083328746527,Перевод со счета на счет
114972,EXECUTED,2023-06-24T01:38:20Z,32229,Shilling,KES,Discover 5007569730322358,American Express 2958606820247711,Перевод с карты на карту
671277,CANCELED,2021-10-11T07:33:00Z,30298,Krona,SEK,Счет 41751976927052945311,Счет 34771784449161833522,Перевод со счета на счет
2226926,EXECUTED,2022-06-05T09:24:11Z,14160,Dollar,CAD,null,Счет 44814275798453591877,Открытие вклада
2145163,EXECUTED,2023-09-05T11:13:43Z,16619,Peso,PHP,Discover 8101224027967385,Discover 9262726024187665,Перевод с карты на карту
141605,CANCELED,2023-10-07T19:46:26Z,33915,Yuan Renminbi,CNY,Discover 6442824834772713,American Express 1908030991731165,Перевод с карты на карту
5336250,CANCELED,2021-06-05T05:02:49Z,23921,Dollar,CAD,Mastercard 2120006197645411,Mastercard 1057574701753363,Перевод с карты на карту
5379915,PENDING,2023-08-20T02:53:09Z,24850,Yen,JPY,null,Счет 36811391490389049691,Открытие вклада
368297,PENDING,2022-04-20T01:43:35Z,12362,Sol,PEN,null,Счет 73197209028710375773,Открытие вклада
5237484,EXECUTED,2023-07-08T04:43:13Z,13203,Ringgit,MYR,null,Счет 73197209028710375773,Открытие вклада
744365,PENDING,2022-05-03T05:05:11Z,22652,Dollar,USD,Discover 8093960331401116,Mastercard 1224722159463490,Перевод с карты на карту
1221992,PENDING,2021-02-19T13:25:33Z,12918,Ruble,RUB,Mastercard 9775497812609116,Discover 5944506116473459,Перевод с карты на карту
3518973,PENDING,2023-10-11T01:03:20Z,19653,Peso,PHP,Visa 0383646897791685,American Express 9980918985573635,Перевод с карты на карту
1938515,EXECUTED,2020-06-28T08:05:59Z,32403,Real,BRL,Visa 6286846678069943,Discover 7898377001181997,Перевод с карты на карту
1889327,CANCELED,2021-07-25T20:51:01Z,20737,Pula,BWP,Visa 7604360599392546,Visa 7942944018455176,Перевод с карты на карту
2436288,EXECUTED,2022-05-24T05:35:23Z,23234,Peso,PHP,American Express 2565635444214491,American Express 0552044753090993,Перевод с карты на карту
3436241,EXECUTED,2023-10-20T21:00:39Z,31741,Ruble,RUB,American Express 5313948287096164,Discover 0329774489991288,Перевод с карты на карту
443315,EXECUTED,2021-08-07T07:02:43Z,34519,Tenge,KZT,American Express 5416179213106657,Mastercard 0160958229240256,Перевод с карты на карту
1830974,EXECUTED,2022-12-30T06:06:05Z,19103,Yuan Renminbi,CNY,Discover 0466471728887794,Visa 8191405185557433,Перевод с карты на карту
2959230,EXECUTED,2022-01-02T10:07:04Z,28500,Rupiah,IDR,Mastercard 4570025114606266,Discover 4329800474005700,Перевод с карты на карту
3513019,PENDING,2022-09-02T05:55:52Z,13127,Yuan Renminbi,CNY,Discover 3114252861244492,Visa 4627389712448189,Перевод с карты на карту
3317385,EXECUTED,2022-07-10T09:24:28Z,15540,Won,KPW,Visa 8673177068866844,Discover 4042375592477197,Перевод с карты на карту
72219,EXECUTED,2023-08-09T03:54:59Z,28868,Koruna,CZK,null,Счет 65771273382053145248,Открытие вклада
5120424,EXECUTED,2022-06-21T04:33:39Z,16623,Yuan Renminbi,CNY,American Express 1754261926422113,American Express 1912246230374869,Перевод с карты на карту
2515993,EXECUTED,2023-08-17T02:28:57Z,20586,Yuan Renminbi,CNY,Discover 6821572971032824,Discover 7288948724353737,Перевод с карты на карту
3652648,CANCELED,2023-07-13T15:38:12Z,22479,Franc,XOF,Счет 70461671296717370428,Счет 52445033864538587695,Перевод со счета на счет
2189906,EXECUTED,2022-01-02T17:51:07Z,26418,Euro,EUR,Счет 32587148810728665069,Счет 80122675086638061370,Перевод со счета на счет
1867775,EXECUTED,2021-03-26T19:04:51Z,24063,Dollar,NZD,American Express 3879946924528107,Счет 29289561285454675688,Перевод организации
2683394,EXECUTED,2023-10-27T15:35:50Z,21830,Yuan Renminbi,CNY,null,Счет 93654567547380187741,Открытие вклада
2239866,EXECUTED,2022-04-18T18:51:53Z,24567,Yuan Renminbi,CNY,null,Счет 90027224340328984499,Открытие вклада
4003913,EXECUTED,2022-12-06T19:06:56Z,14530,Peso,PHP,Discover 4573982311494005,Mastercard 4935476635235091,Перевод с карты на карту
2979557,EXECUTED,2023-07-13T13:58:49Z,26279,Euro,EUR,Счет 28694210812172680482,Счет 92356841239087789939,Перевод со счета на счет
405067,EXECUTED,2022-11-28T17:52:43Z,21008,Baht,THB,null,Счет 70415428501870008564,Открытие вклада
2914913,EXECUTED,2020-11-18T21:17:05Z,13888,Rupiah,IDR,American Express 8063285986699650,Mastercard 1695740993384893,Перевод с карты на карту
1441986,EXECUTED,2020-04-30T08:37:17Z,14356,Rupiah,IDR,American Express 9143190180821093,Visa 1754001355342425,Перевод с карты на карту
4967751,CANCELED,2022-08-01T17:16:42Z,18241,Ruble,RUB,Discover 2510997056903668,Visa 5176450912871980,Перевод с карты на карту
1379139,PENDING,2022-05-24T20:41:16Z,14160,Manat,AZN,Discover 9659662475890450,Discover 1864760256062832,Перевод с карты на карту
3497395,EXECUTED,2020-04-13T22:31:01Z,27769,Krona,SEK,null,Счет 45541055869952197495,Открытие вклада
4612198,EXECUTED,2020-07-19T03:15:49Z,21163,Pound,EGP,null,Счет 06046825775893944654,Открытие вклада
4443353,EXECUTED,2022-03-11T09:55:29Z,26401,Yuan Renminbi,CNY,American Express 9169124843687636,Visa 2934477295358099,Перевод с карты на карту
1522040,EXECUTED,2023-04-09T13:31:31Z,15020,Peso,CLP,Mastercard 9147085041595377,American Express 8088958095150478,Перевод с карты на карту
4398796,EXECUTED,2022-01-10T02:59:51Z,20293,Zloty,PLN,American Express 1247216335781067,Mastercard 5715944033433205,Перевод с карты на карту
5064981,EXECUTED,2020-06-14T21:50:32Z,34544,Shilling,KES,null,Счет 87162801326160110075,Открытие вклада
1387413,EXECUTED,2020-07-09T23:28:14Z,16028,Shekel,ILS,null,Счет 97502862442965698121,Открытие вклада
2948386,EXECUTED,2023-04-01T12:02:06Z,26405,Yuan Renminbi,CNY,American Express 7682181798464709,Счет 93737829810907580744,Перевод организации
3123481,CANCELED,2023-07-15T01:02:42Z,13578,Rupiah,IDR,Mastercard 5680368377764854,American Express 1298846920198860,Перевод с карты на карту
512976,EXECUTED,2022-02-10T02:59:35Z,14342,Naira,NGN,American Express 2479027296417707,Mastercard 2118723450691392,Перевод с карты на карту
3306334,CANCELED,2023-10-04T21:31:52Z,20825,Yen,JPY,Visa 1029598091153362,Счет 66817481936655029590,Перевод организации
2611948,PENDING,2022-02-08T17:16:05Z,15911,Ruble,RUB,Discover 6348321385395461,Mastercard 7325946652944710,Перевод с карты на карту
4210081,CANCELED,2022-06-01T20:40:14Z,20882,Pound,EGP,null,Счет 20588590232394945686,Открытие вклада
4924104,PENDING,2021-06-07T17:23:26Z,13036,Ariary,MGA,Mastercard 9984189726356135,American Express 9496683068632548,Перевод с карты на карту
1453528,EXECUTED,2020-12-26T12:22:59Z,24614,Sol,PEN,American Express 0874438357929097,American Express 2043827488585986,Перевод с карты на карту
3833383,EXECUTED,2020-10-20T04:30:41Z,24706,Yuan Renminbi,CNY,Mastercard 1333736453866448,American Express 2001671059412435,Перевод с карты на карту
1300014,EXECUTED,2021-03-23T17:28:38Z,16276,Dram,AMD,Discover 5462310471174855,Mastercard 5051030951146472,Перевод с карты на карту
3456154,PENDING,2022-02-02T11:46:42Z,16193,Yuan Renminbi,CNY,Visa 8600999617172909,Visa 2844866498722428,Перевод с карты на карту
3685558,CANCELED,2022-05-06T15:14:42Z,26570,Ruble,RUB,Mastercard 7004562378757988,Mastercard 0825255021365694,Перевод с карты на карту
1165374,EXECUTED,2023-05-28T07:44:37Z,18924,Dong,VND,Discover 6573220609816188,Discover 9351896556617255,Перевод с карты на карту
726807,EXECUTED,2023-02-10T07:31:41Z,19955,Dirham,MAD,Счет 06636613357397067467,Счет 03936975258912077744,Перевод со счета на счет
1902667,CANCELED,2020-02-24T08:31:11Z,25859,Yuan Renminbi,CNY,Discover 1601792099597360,Visa 0293980784507463,Перевод с карты на карту
327307,CANCELED,2020-12-05T15:49:25Z,14306,Yuan Renminbi,CNY,American Express 9028896043787749,Visa 5928608009409515,Перевод с карты на карту
439075,EXECUTED,2020-07-27T01:54:01Z,28260,Zloty,PLN,American Express 3972065433339638,Visa 6170999529692389,Перевод с карты на карту
1927497,EXECUTED,2020-10-29T22:42:43Z,29760,Peso,PHP,Счет 21135355953772999542,Счет 55887498738869235832,Перевод со счета на счет
4389067,EXECUTED,2023-11-10T05:12:57Z,20539,Peso,CUP,Visa 1046601770510966,Visa 3844034954049614,Перевод с карты на карту
2785941,CANCELED,2021-02-09T05:55:48Z,22227,Peso,PHP,Visa 1211736622503262,Discover 4573836066399753,Перевод с карты на карту
2756393,EXECUTED,2020-07-30T13:08:10Z,14422,Yuan Renminbi,CNY,null,Счет 32748708969169200933,Открытие вклада
599027,PENDING,2022-02-21T02:56:37Z,12373,Yuan Renminbi,CNY,American Express 6311535048493715,Discover 6103555688511371,Перевод с карты на карту
3080764,EXECUTED,2020-04-05T17:15:05Z,24757,Yuan Renminbi,CNY,Mastercard 0249962785252276,Mastercard 3497558588626189,Перевод с карты на карту
680730,EXECUTED,2022-07-26T12:57:15Z,29492,Baht,THB,Visa 9022982028350429,Mastercard 2122026619911974,Перевод с карты на карту
3327991,PENDING,2020-01-02T14:56:56Z,21565,Tenge,KZT,Visa 6101438539947726,Mastercard 1093643052935424,Перевод с карты на карту
3036684,EXECUTED,2022-03-25T01:54:48Z,22818,Ruble,RUB,American Express 5289343085624249,Счет 37876144219366357273,Перевод организации
3061748,CANCELED,2020-06-17T11:50:30Z,28322,Yuan Renminbi,CNY,Visa 1359185537481291,Discover 0843636635891776,Перевод с карты на карту
2960398,EXECUTED,2022-06-18T06:48:37Z,24677,Shekel,ILS,Discover 7324391935910827,American Express 7921742013738369,Перевод с карты на карту
216268,EXECUTED,2021-12-16T16:30:47Z,29188,Rupiah,IDR,null,Счет 85522230938749372427,Открытие вклада
3113401,EXECUTED,2021-09-13T01:50:43Z,20356,Shekel,ILS,Visa 0723667105507272,American Express 9942207938412902,Перевод с карты на карту
1802648,EXECUTED,2022-12-31T08:49:27Z,21591,Yen,JPY,Discover 8645223566080480,Discover 1228012474535802,Перевод с карты на карту
603367,CANCELED,2022-05-01T09:41:33Z,19253,Rial,IRR,Visa 8108956690063326,Счет 37037858323164558189,Перевод организации
3425560,EXECUTED,2023-08-05T07:49:52Z,28847,Kuna,HRK,Mastercard 6032275004365579,Mastercard 0183189965945417,Перевод с карты на карту
4768701,PENDING,2022-07-28T07:11:34Z,14922,Rupiah,IDR,Discover 9845271582621310,Discover 2528293109343153,Перевод с карты на карту
230224,EXECUTED,2023-05-06T05:22:48Z,26228,Hryvnia,UAH,American Express 8220175236913887,Mastercard 4802624159804288,Перевод с карты на карту
2850514,PENDING,2020-12-28T17:53:13Z,23686,Lek,ALL,Discover 9576458861815708,Mastercard 4321975182864595,Перевод с карты на карту
4234448,CANCELED,2023-09-08T10:10:17Z,24237,Hryvnia,UAH,null,Счет 97314618742902814769,Открытие вклада
1279142,PENDING,2020-02-12T13:37:23Z,16376,Yen,JPY,Mastercard 5444471272260826,Visa 9213489075974563,Перевод с карты на карту
1388171,EXECUTED,2023-07-14T15:11:56Z,12150,Dollar,BSD,Mastercard 3773074923283720,Mastercard 6858852082832671,Перевод с карты на карту
5338004,EXECUTED,2020-03-30T20:13:31Z,24128,Yuan Renminbi,CNY,Mastercard 0188382670172599,Счет 29330609189568305731,Перевод организации
2514202,EXECUTED,2021-09-04T02:12:30Z,31609,Real,BRL,null,Счет 04404258976890644934,Открытие вклада
1617731,EXECUTED,2021-11-10T16:27:02Z,29279,Rupiah,IDR,Счет 91299877420956980418,Счет 97627688254834676901,Перевод со счета на счет
349946,EXECUTED,2023-08-06T06:33:13Z,23742,Rupiah,IDR,null,Счет 31470633517516216972,Открытие вклада
2300960,PENDING,2020-05-10T21:18:59Z,21170,Euro,EUR,American Express 2077167756122624,Счет 12692107571051189313,Перевод организации
3015231,PENDING,2022-01-13T03:15:00Z,21470,Rupiah,IDR,Mastercard 9800302102501629,Mastercard 2405382947502377,Перевод с карты на карту
2413465,CANCELED,2021-05-02T07:34:35Z,34576,Euro,EUR,American Express 9594487834827260,Discover 3052691668030750,Перевод с карты на карту
2037712,EXECUTED,2023-07-31T16:44:50Z,11562,Ruble,RUB,American Express 6902837737884644,American Express 1368443024115273,Перевод с карты на карту
1380530,PENDING,2023-05-22T12:49:50Z,32118,Dong,VND,Discover 1625204231900607,Mastercard 6547698108887955,Перевод с карты на карту
724939,CANCELED,2020-10-28T00:51:11Z,20082,Yuan Renminbi,CNY,Discover 2285798156070275,Visa 9513919641330425,Перевод с карты на карту
3232597,EXECUTED,2020-11-22T14:09:37Z,28208,Franc,XAF,American Express 2933932533113054,Discover 6226871375970632,Перевод с карты на карту
4200454,EXECUTED,2022-03-29T14:25:48Z,22057,Real,BRL,Mastercard 5392506448758414,American Express 2183728061661120,Перевод с карты на карту
1476839,EXECUTED,2021-05-11T06:26:06Z,24829,Krona,SEK,null,Счет 89272272688021038059,Открытие вклада
5334238,EXECUTED,2023-07-08T18:38:35Z,32091,Yuan Renminbi,CNY,null,Счет 01298833605277162165,Открытие вклада
3415187,PENDING,2022-10-10T00:58:18Z,25180,Rupiah,IDR,American Express 0358075953034789,Visa 7020384213026064,Перевод с карты на карту
3393428,CANCELED,2020-10-03T18:58:14Z,26366,Zloty,PLN,Discover 6041689343106380,American Express 1961663078355667,Перевод с карты на карту
4026887,PENDING,2021-11-18T07:16:36Z,34138,Rupiah,IDR,Discover 1747353075279525,Visa 3125438085014296,Перевод с карты на карту
1351481,EXECUTED,2020-05-03T22:09:55Z,30476,Rupiah,IDR,Visa 6798617315186545,Mastercard 6604789652209646,Перевод с карты на карту
3586258,EXECUTED,2021-02-15T09:26:06Z,31645,Rupiah,IDR,null,Счет 56497431151249388507,Открытие вклада
1156922,EXECUTED,2021-08-01T10:40:04Z,31380,Yuan Renminbi,CNY,American Express 3337753321208366,Счет 98342889863750388397,Перевод организации
879954,PENDING,2022-02-20T00:34:43Z,19037,Euro,EUR,American Express 7505798122789172,American Express 4033942449270190,Перевод с карты на карту
2443999,EXECUTED,2020-09-06T16:05:37Z,26734,Rupiah,IDR,Mastercard 9726709734708235,American Express 5069436335433663,Перевод с карты на карту
2352308,PENDING,2021-12-10T02:57:49Z,11358,Lempira,HNL,Mastercard 9035732695110352,Visa 8440267076775146,Перевод с карты на карту
2854598,EXECUTED,2022-01-31T14:36:17Z,33186,Tugrik,MNT,Счет 46066065234140686072,Счет 25990613209266883598,Перевод со счета на счет
4754778,PENDING,2023-03-22T19:17:05Z,14992,Kyat,MMK,Discover 9055259074920445,American Express 3629785004484612,Перевод с карты на карту
4334041,EXECUTED,2022-04-04T10:18:00Z,26815,Rial,OMR,Discover 1088570417182649,Mastercard 4849489084219692,Перевод с карты на карту
1358349,PENDING,2020-10-05T10:31:57Z,31503,Ruble,RUB,null,Счет 69086868315648596195,Открытие вклада
3008563,EXECUTED,2021-06-27T00:24:40Z,30676,Peso,COP,Discover 9288658523884462,Discover 1675227087213295,Перевод с карты на карту
3452026,EXECUTED,2020-11-29T04:05:22Z,13904,Dollar,USD,Discover 3997172545715093,Visa 1271700028218282,Перевод с карты на карту
28752,EXECUTED,2020-06-12T18:13:49Z,14280,Rupiah,IDR,Visa 0482592248028280,Discover 0377336897067978,Перевод с карты на карту
1360110,CANCELED,2020-08-21T23:36:53Z,11369,Rupiah,IDR,null,Счет 69506784209300438068,Открытие вклада
4569563,EXECUTED,2022-05-31T12:42:38Z,29532,Ruble,RUB,Visa 9698316448168820,Счет 91507178049597221508,Перевод организации
2012882,CANCELED,2022-05-18T23:56:30Z,16603,Yen,JPY,Visa 3869022043135134,Счет 68777928906074308386,Перевод организации
558890,EXECUTED,2021-06-16T12:49:07Z,12427,Yuan Renminbi,CNY,Счет 11566380174877790074,Счет 74115943345949412181,Перевод со счета на счет
1551166,EXECUTED,2023-08-08T06:20:32Z,17842,Dalasi,GMD,American Express 0395914838661825,American Express 8409502985214737,Перевод с карты на карту
1693111,EXECUTED,2022-12-10T08:36:52Z,31677,Rupiah,IDR,Mastercard 6842170440603597,Visa 0471283840498463,Перевод с карты на карту
908382,EXECUTED,2020-12-09T10:12:29Z,23854,Yuan Renminbi,CNY,Счет 23088442150546685669,Счет 47740967047235244813,Перевод со счета на счет
5089912,EXECUTED,2021-05-22T23:01:51Z,32548,Sol,PEN,Visa 2631801931326824,Mastercard 8284431390018235,Перевод с карты на карту
3471677,EXECUTED,2021-03-13T16:17:07Z,11772,Real,BRL,Visa 7758085908041346,Visa 2810561341171616,Перевод с карты на карту
379155,PENDING,2021-04-06T20:25:12Z,23765,Ruble,BYR,null,Счет 47740967047235244813,Открытие вклада
4835094,CANCELED,2022-10-07T11:48:32Z,19663,Kwanza,AOA,Visa 8763379793013723,Счет 74619639247860575344,Перевод организации
4711001,CANCELED,2023-05-11T21:45:56Z,34157,Rupiah,IDR,American Express 2857211436189179,American Express 6360787484826256,Перевод с карты на карту
4537781,EXECUTED,2022-05-11T09:44:25Z,21921,Sol,PEN,Visa 8831032741874724,American Express 1466174582470293,Перевод с карты на карту
3096393,EXECUTED,2020-05-19T05:17:01Z,16510,Yuan Renminbi,CNY,Mastercard 0045192228548164,Счет 02495401027894245703,Перевод организации
1718927,PENDING,2020-01-30T00:05:50Z,11284,Rupiah,IDR,null,Счет 58661644025578523199,Открытие вклада
5441712,EXECUTED,2022-01-08T04:56:42Z,11972,Rupiah,IDR,American Express 2479866998030340,Visa 0893227870473409,Перевод с карты на карту
5425151,EXECUTED,2023-06-13T18:21:09Z,17826,Euro,EUR,Счет 31721554537010850159,Счет 85407266025384686794,Перевод со счета на счет
4892900,EXECUTED,2022-09-24T11:31:07Z,22893,Yuan Renminbi,CNY,Mastercard 4728451367326434,American Express 6640255106144358,Перевод с карты на карту
2367328,PENDING,2022-08-29T16:22:32Z,27012,Franc,XOF,Discover 1781865926439519,American Express 7807738435996717,Перевод с карты на карту
3896277,PENDING,2023-01-06T10:17:09Z,12077,Rupiah,IDR,null,Счет 38786697703780679258,Открытие вклада
4547801,PENDING,2023-01-21T23:58:59Z,14109,Rupiah,IDR,null,Счет 37292228167431639458,Открытие вклада
4415761,EXECUTED,2023-08-11T17:09:23Z,11353,Yuan Renminbi,CNY,null,Счет 09295963896712034608,Открытие вклада
2551770,EXECUTED,2020-12-28T04:11:21Z,22712,Yuan Renminbi,CNY,Discover 9174977643576639,Счет 52257899944189235733,Перевод организации
3691525,EXECUTED,2021-03-14T07:31:40Z,12576,Ruble,RUB,Discover 8455447150087314,Счет 70453658863403233739,Перевод организации
5179048,EXECUTED,2022-09-03T09:34:24Z,31521,Yen,JPY,Счет 59534889651423586320,Счет 36811952681529633206,Перевод со счета на счет
5377229,EXECUTED,2020-11-13T18:31:57Z,23342,Won,KRW,null,Счет 46902032153653617736,Открытие вклада
3007428,CANCELED,2020-09-26T13:13:47Z,23018,Euro,EUR,American Express 1885071020839637,Mastercard 0284573420591787,Перевод с карты на карту
1420514,CANCELED,2020-03-13T20:51:45Z,27490,Yuan Renminbi,CNY,Discover 8638516944975160,Visa 3373381060903806,Перевод с карты на карту
634616,EXECUTED,2021-02-05T05:08:40Z,32588,Shekel,ILS,Счет 35195797029781719656,Счет 31264381060801999248,Перевод со счета на счет
4734516,EXECUTED,2022-06-03T20:37:17Z,15031,Euro,EUR,null,Счет 96690027607569962490,Открытие вклада
2927678,PENDING,2020-04-20T08:50:55Z,22584,Krona,SEK,Visa 5273150871379598,Visa 2228394034527340,Перевод с карты на карту
2460621,PENDING,2020-11-28T15:04:06Z,18158,Rupiah,IDR,null,Счет 96408418161748634691,Открытие вклада
1979998,EXECUTED,2021-02-22T00:51:39Z,23534,Yuan Renminbi,CNY,American Express 6020270819126293,Visa 4261808452060055,Перевод с карты на карту
3810758,EXECUTED,2022-06-04T21:45:58Z,29801,Yuan Renminbi,CNY,null,Счет 56283776493392806740,Открытие вклада
2767427,EXECUTED,2021-02-09T16:11:41Z,27557,Rupiah,IDR,American Express 7477353911723378,Mastercard 1402368714925615,Перевод с карты на карту
3016370,EXECUTED,2020-09-22T15:17:30Z,16758,Rupiah,IDR,American Express 5028925693257690,Discover 6091540200889316,Перевод с карты на карту
1608930,EXECUTED,2022-04-24T07:33:16Z,18125,Ruble,RUB,Mastercard 8817383202472795,Discover 3942175254816690,Перевод с карты на карту
3862,EXECUTED,2021-05-03T06:32:16Z,27659,Yuan Renminbi,CNY,null,Счет 19936602583627093270,Открытие вклада
5431193,EXECUTED,2023-07-22T04:42:19Z,31666,Euro,EUR,Visa 3372623503519548,Visa 9450037731048655,Перевод с карты на карту
1983712,EXECUTED,2022-09-28T12:22:06Z,29469,Guarani,PYG,null,Счет 26735130351449708079,Открытие вклада
4028597,EXECUTED,2022-01-23T00:38:02Z,29959,Naira,NGN,null,Счет 81029074724669122474,Открытие вклада
4000226,CANCELED,2020-10-15T12:58:44Z,15811,Real,BRL,null,Счет 69133382441815964889,Открытие вклада
657871,EXECUTED,2020-09-05T10:55:34Z,27001,Real,BRL,Discover 0217919936031483,Mastercard 4418672564644161,Перевод с карты на карту
3165390,CANCELED,2020-09-05T22:15:10Z,30446,Rupiah,IDR,Visa 9111104108695735,Счет 32801675109430052721,Перевод организации
1100171,PENDING,2021-01-14T07:08:14Z,11683,Leu,MDL,null,Счет 08116016835671035018,Открытие вклада
4241482,EXECUTED,2020-06-14T00:38:26Z,12883,Euro,EUR,American Express 7925414478447415,Discover 3248980422389126,Перевод с карты на карту
3912659,EXECUTED,2022-11-10T10:59:57Z,20359,Euro,EUR,Счет 84772566576779073867,Счет 51789566328678550571,Перевод со счета на счет
1338538,EXECUTED,2020-01-19T16:23:39Z,14989,Real,BRL,null,Счет 23220034130878382629,Открытие вклада
4935914,PENDING,2023-10-10T02:24:12Z,21686,Zloty,PLN,American Express 6113480057863136,Discover 4775142254527406,Перевод с карты на карту
1783806,EXECUTED,2022-06-06T12:41:37Z,29514,Yuan Renminbi,CNY,null,Счет 45251371453569515319,Открытие вклада
178442,CANCELED,2023-04-14T02:31:59Z,18234,Ariary,MGA,American Express 1326444308297544,Счет 87729722681135486451,Перевод организации
1273971,EXECUTED,2020-03-13T02:59:12Z,20340,Koruna,CZK,American Express 1765504244435906,Discover 2511193251656040,Перевод с карты на карту
1938897,EXECUTED,2022-09-09T01:21:13Z,20083,Ruble,RUB,Счет 86244850477007883319,Счет 81698090448201122541,Перевод со счета на счет
2714414,EXECUTED,2020-09-23T11:13:12Z,15197,Real,BRL,Visa 6732434149908393,American Express 8593751538402455,Перевод с карты на карту
4715657,EXECUTED,2021-04-18T14:46:50Z,26241,Euro,EUR,null,Счет 18723067209786329754,Открытие вклада
2973415,CANCELED,2023-07-19T02:48:06Z,15601,Ruble,RUB,Visa 5867137497562917,Discover 3332388352371784,Перевод с карты на карту
2118921,EXECUTED,2021-08-08T23:53:52Z,30698,Rand,ZAR,Mastercard 7108773872682369,Discover 3197637653117698,Перевод с карты на карту
4048016,EXECUTED,2021-01-18T04:21:03Z,13016,Dollar,USD,Visa 1822464877037712,Счет 76364325991125397630,Перевод организации
3041751,EXECUTED,2021-10-26T20:47:52Z,31225,Rupiah,IDR,Счет 80224172552292784880,Счет 90191833039827010605,Перевод со счета на счет
4270314,EXECUTED,2022-02-15T22:52:54Z,24038,Rupiah,IDR,Счет 02691225647658958232,Счет 39307194048455580243,Перевод со счета на счет
4816780,EXECUTED,2022-07-10T19:31:43Z,18833,Yuan Renminbi,CNY,Discover 5399197086060641,Visa 5416070245776578,Перевод с карты на карту
3194671,EXECUTED,2022-06-09T11:38:05Z,29264,Rupiah,IDR,Mastercard 2918298467419750,American Express 0533907678914511,Перевод с карты на карту
1867344,CANCELED,2020-08-02T21:41:03Z,18405,Birr,ETB,Discover 0226536530912909,American Express 1134625424537532,Перевод с карты на карту
1685961,CANCELED,2020-07-23T03:52:45Z,12317,Kwacha,ZMW,Visa 7227419491836001,Visa 3483890719203095,Перевод с карты на карту
1986667,EXECUTED,2023-01-21T17:49:00Z,18714,Yuan Renminbi,CNY,American Express 1691246927351408,Mastercard 8151044729025830,Перевод с карты на карту
965351,CANCELED,2022-07-02T15:22:31Z,29866,Euro,EUR,Discover 4593062041236658,Mastercard 3719208098203653,Перевод с карты на карту
2035749,EXECUTED,2021-04-08T10:45:39Z,20504,Krona,SEK,Mastercard 0889907951913287,Visa 2716589984100897,Перевод с карты на карту
4136534,PENDING,2023-03-03T19:31:48Z,21909,Dollar,CAD,Mastercard 4534142823002219,Счет 26030281604290741032,Перевод организации
5360298,EXECUTED,2022-06-08T15:02:20Z,14453,Yuan Renminbi,CNY,null,Счет 37691874930878159024,Открытие вклада
2161648,EXECUTED,2022-02-28T03:41:05Z,29036,Yuan Renminbi,CNY,American Express 1478543718881717,Visa 3473835026129304,Перевод с карты на карту
4537613,EXECUTED,2020-05-01T05:11:52Z,15559,Denar,MKD,null,Счет 04861195584806335361,Открытие вклада
5293227,EXECUTED,2020-01-04T09:08:53Z,20057,Rupiah,IDR,American Express 2116425281031997,American Express 8012980677386841,Перевод с карты на карту
1473371,EXECUTED,2023-06-26T00:45:54Z,25803,Krona,SEK,Счет 53667996076872401192,Счет 87196124715698829517,Перевод со счета на счет
2407135,EXECUTED,2022-08-07T12:37:13Z,15333,Ruble,RUB,Discover 6574691179829422,Discover 4659403386698758,Перевод с карты на карту
4333005,PENDING,2020-02-06T11:36:24Z,12480,Ruble,RUB,Mastercard 7673263953329337,Discover 6961587092605561,Перевод с карты на карту
2998233,CANCELED,2020-12-24T11:32:48Z,22659,Rupiah,IDR,Visa 4050503394900724,Visa 1090237511782025,Перевод с карты на карту
623222,EXECUTED,2021-02-21T22:36:14Z,31384,Peso,PHP,null,Счет 63001674290020324128,Открытие вклада
4861677,CANCELED,2022-12-01T02:46:48Z,18175,Rupiah,IDR,Mastercard 8930638977205518,American Express 4666899135384912,Перевод с карты на карту
933067,EXECUTED,2022-02-20T19:39:35Z,23606,Rupiah,IDR,Discover 1840188963578502,Mastercard 5713740711744549,Перевод с карты на карту
247565,EXECUTED,2023-08-30T03:42:07Z,28573,Tugrik,MNT,Visa 9774019383356735,Discover 4051037194361986,Перевод с карты на карту
5158681,EXECUTED,2020-09-07T00:13:00Z,12237,Colon,CRC,null,Счет 49125705423607947451,Открытие вклада
3869757,EXECUTED,2021-08-28T15:02:53Z,21657,Won,KRW,American Express 7666682546487609,Счет 62190083133988481008,Перевод организации
3067488,EXECUTED,2022-05-13T14:01:24Z,17359,Franc,XOF,null,Счет 68004740631560579440,Открытие вклада
86937,EXECUTED,2020-06-08T17:05:55Z,13600,Peso,PHP,Mastercard 6498229229138443,Mastercard 2516515265860980,Перевод с карты на карту
3530319,PENDING,2022-02-08T18:49:18Z,11294,Pound,SYP,Счет 64339097692172543801,Счет 65515023539147659794,Перевод со счета на счет
4585117,PENDING,2022-10-30T01:13:39Z,31183,Shekel,ILS,American Express 1645890173600671,American Express 4738095110228336,Перевод с карты на карту
980934,CANCELED,2022-08-09T16:40:56Z,19984,Denar,MKD,Visa 8118831819514822,Visa 3834738689849997,Перевод с карты на карту
2528292,EXECUTED,2021-09-29T16:23:50Z,13964,Real,BRL,null,Счет 57722832117985490259,Открытие вклада
1982883,EXECUTED,2020-08-21T05:30:40Z,14195,Peso,PHP,Счет 71672643329658156340,Счет 55004304583222449176,Перевод со счета на счет
3538118,EXECUTED,2021-07-25T23:49:08Z,27273,Euro,EUR,Mastercard 5527832318441154,Visa 3094485099995524,Перевод с карты на карту
4108682,EXECUTED,2023-04-21T01:22:42Z,23818,Dollar,ZWL,Счет 76802369113362810826,Счет 09259769881597013570,Перевод со счета на счет
2236163,PENDING,2023-06-29T20:33:57Z,19612,Peso,PHP,Счет 40742441133364006255,Счет 52562367063354770261,Перевод со счета на счет
4798686,EXECUTED,2022-06-24T09:56:11Z,27161,Rupiah,IDR,American Express 5886408194837722,Счет 91273681805399484899,Перевод организации
3303846,EXECUTED,2022-11-09T02:58:34Z,22435,Yuan Renminbi,CNY,Mastercard 0243313614529446,Visa 0833884492936128,Перевод с карты на карту
3454563,EXECUTED,2023-05-24T17:20:40Z,26383,Peso,DOP,Discover 0877300524303700,Mastercard 9503997041361150,Перевод с карты на карту
705801,EXECUTED,2022-03-26T03:44:05Z,14656,Yuan Renminbi,CNY,Счет 04742683428333291836,Счет 43339641766183302441,Перевод со счета на счет
1755044,EXECUTED,2023-05-14T07:14:56Z,30879,Euro,EUR,Mastercard 9752594665312260,Discover 3313277406142070,Перевод с карты на карту
1095430,EXECUTED,2020-12-13T01:32:27Z,20199,Zloty,PLN,Visa 0724101113837922,Mastercard 8461257742077490,Перевод с карты на карту
370987,EXECUTED,2022-11-20T00:53:12Z,22168,Sol,PEN,Discover 2384936521478279,Discover 7842872234180961,Перевод с карты на карту
3431663,EXECUTED,2020-09-03T18:10:01Z,14692,Dirham,MAD,Discover 6107749699901265,Mastercard 6224824751764997,Перевод с карты на карту
2487375,EXECUTED,2023-10-28T01:54:42Z,28923,Koruna,CZK,Discover 2805605465672180,American Express 6533078917571069,Перевод с карты на карту
1339705,EXECUTED,2020-10-14T03:24:22Z,28004,Rupiah,IDR,Mastercard 8685716523724966,American Express 2144390914499953,Перевод с карты на карту
2130317,CANCELED,2023-02-12T17:00:13Z,13110,Euro,EUR,Visa 1798516137758885,American Express 9240116466875419,Перевод с карты на карту
3438816,CANCELED,2023-11-05T16:48:43Z,26079,Yuan Renminbi,CNY,Mastercard 5108614767969466,Visa 5767539451711776,Перевод с карты на карту
2777241,EXECUTED,2022-08-06T18:50:59Z,31387,Euro,EUR,null,Счет 14195503151882870500,Открытие вклада
179297,CANCELED,2021-07-18T17:01:37Z,22903,Yuan Renminbi,CNY,Visa 5246468940177899,Discover 4943164861012443,Перевод с карты на карту
5245387,PENDING,2023-08-11T06:53:48Z,25234,Euro,EUR,American Express 8621646228906535,American Express 8098137039932677,Перевод с карты на карту
607427,EXECUTED,2022-10-01T18:21:02Z,30841,Euro,EUR,Mastercard 9925016125066440,Счет 09571733738592505198,Перевод организации
1951541,EXECUTED,2021-08-08T12:02:26Z,24578,Rupiah,IDR,Счет 32336212676182149396,Счет 63310393419531139775,Перевод со счета на счет
2060808,EXECUTED,2023-05-29T10:46:27Z,17205,Rupiah,IDR,American Express 6824612302544616,Discover 9272851343747436,Перевод с карты на карту
481674,PENDING,2023-06-27T11:17:05Z,24192,Rupiah,IDR,null,Счет 30690764917065605785,Открытие вклада
3841619,EXECUTED,2021-11-17T04:36:33Z,20412,Yuan Renminbi,CNY,Mastercard 9807327200481485,Mastercard 0299086655780284,Перевод с карты на карту
5453219,PENDING,2020-06-26T19:31:50Z,34289,Koruna,CZK,null,Счет 23862786914703615175,Открытие вклада
3153071,EXECUTED,2023-05-20T21:17:42Z,13313,Yuan Renminbi,CNY,Mastercard 0794952418427529,Счет 30468403156080458573,Перевод организации
2961341,PENDING,2022-12-05T22:01:59Z,19724,Peso,PHP,Visa 5505312713585497,Счет 63298657753084851664,Перевод организации
4838619,EXECUTED,2020-04-26T10:41:18Z,26514,Yuan Renminbi,CNY,null,Счет 74650466361774178409,Открытие вклада
2230588,CANCELED,2023-08-02T10:32:00Z,19286,Baht,THB,Visa 5185869643817810,Счет 76800397851665030198,Перевод организации
993757,EXECUTED,2021-04-10T00:15:28Z,29404,Rupiah,IDR,null,Mastercard 5571473906374337,Открытие вклада
2803160,EXECUTED,2021-03-05T16:24:50Z,25564,Euro,EUR,American Express 1555233301970134,Mastercard 6216600381341670,Перевод с карты на карту
184982,EXECUTED,2023-10-18T09:58:30Z,30875,Peso,PHP,Счет 68618274472387272521,Счет 34738427654190529447,Перевод со счета на счет
1864965,EXECUTED,2020-11-15T12:11:02Z,27263,Dollar,CAD,Mastercard 3958840916920306,Visa 2571463246095167,Перевод с карты на карту
23440,EXECUTED,2020-01-12T21:18:53Z,18722,Rupiah,IDR,Mastercard 5602170315013567,Mastercard 8900744357320212,Перевод с карты на карту
4252882,EXECUTED,2021-12-28T17:45:00Z,14529,Rupiah,IDR,Mastercard 3509089718655139,Счет 93392096295283606285,Перевод организации
4981054,PENDING,2022-06-23T06:14:20Z,30316,Baht,THB,null,Счет 90489082675296745022,Открытие вклада
145602,PENDING,2022-09-27T19:32:41Z,20423,Dollar,USD,null,Счет 96420288541936966744,Открытие вклада
1649449,EXECUTED,2020-07-23T05:16:10Z,31244,Hryvnia,UAH,Счет 10466210146357715653,Счет 36092807347166992186,Перевод со счета на счет
3108420,EXECUTED,2022-11-02T17:04:23Z,28277,Peso,PHP,Visa 7682301364226873,Mastercard 3106557426290278,Перевод с карты на карту
4454103,EXECUTED,2021-11-14T23:39:51Z,11810,Naira,NGN,Mastercard 2136046871690126,Mastercard 7042400439502416,Перевод с карты на карту
3909380,EXECUTED,2021-08-25T03:43:29Z,13649,Zloty,PLN,American Express 5211438944540134,Visa 8316296173787409,Перевод с карты на карту
3390503,EXECUTED,2023-10-23T02:58:24Z,26618,Dollar,USD,Discover 5363382794429079,Mastercard 3479304052123302,Перевод с карты на карту
470092,PENDING,2020-12-03T14:53:40Z,30922,Hryvnia,UAH,null,Счет 73554102589353530426,Открытие вклада
3613611,EXECUTED,2022-02-26T16:40:39Z,25092,Yuan Renminbi,CNY,null,Счет 87155597019241140791,Открытие вклада
889749,EXECUTED,2020-08-17T18:26:12Z,19887,Peso,PHP,null,Счет 12861073027764218922,Открытие вклада
5176659,EXECUTED,2022-10-10T05:04:11Z,22130,Kuna,HRK,American Express 2005673958766293,Discover 1840803393135690,Перевод с карты на карту
3243213,PENDING,2020-08-03T12:47:55Z,18212,Yuan Renminbi,CNY,null,Mastercard 6840667987524201,Открытие вклада
3009326,EXECUTED,2023-01-14T14:39:46Z,22317,Yuan Renminbi,CNY,null,Счет 26393704193461839840,Открытие вклада
5492982,CANCELED,2020-03-31T11:18:23Z,22792,Shilling,TZS,Discover 9434675009158320,Mastercard 3366006818705356,Перевод с карты на карту
1995784,CANCELED,2023-07-04T16:45:09Z,21185,Dollar,USD,Счет 21198763177103220132,Счет 70934017444707070769,Перевод со счета на счет
1186987,EXECUTED,2020-12-29T12:58:43Z,17720,Dollar,USD,American Express 6132601488769441,American Express 3682144031882457,Перевод с карты на карту
4791426,CANCELED,2022-11-29T14:18:03Z,21164,Manat,AZN,Discover 1973384344839349,Mastercard 0697867977114980,Перевод с карты на карту
2356504,CANCELED,2023-06-16T03:29:16Z,11793,Bolivar,VEF,American Express 7978028792621638,Discover 0303573324449618,Перевод с карты на карту
860180,EXECUTED,2022-01-29T12:24:16Z,34059,Dollar,BBD,Счет 08521607300947112217,Счет 47748213568318724968,Перевод со счета на счет
2309928,CANCELED,2021-09-30T04:55:48Z,17254,Dollar,USD,Visa 7008199142226268,Discover 1324430366166840,Перевод с карты на карту
665945,EXECUTED,2023-02-11T07:00:14Z,25582,Yuan Renminbi,CNY,Mastercard 7873561790589216,Discover 6216063892409289,Перевод с карты на карту
4877288,PENDING,2023-03-22T21:06:55Z,32771,Hryvnia,UAH,Discover 3175955318657678,American Express 9365944599565412,Перевод с карты на карту
4377488,CANCELED,2023-07-02T19:32:47Z,33265,Ruble,RUB,Discover 6505902114235361,Счет 35036089776755124501,Перевод организации
4090845,EXECUTED,2020-10-21T19:33:56Z,33047,Yuan Renminbi,CNY,Mastercard 0881837665755629,Discover 8878436805864916,Перевод с карты на карту
3891105,CANCELED,2023-03-13T16:56:42Z,15427,Rupiah,IDR,null,Счет 26393704193461839840,Открытие вклада
1962175,EXECUTED,2021-11-16T19:02:59Z,28652,Yuan Renminbi,CNY,Discover 9323363747302557,American Express 8550744819721719,Перевод с карты на карту
1319716,EXECUTED,2020-12-01T00:28:32Z,29565,Euro,EUR,null,Счет 96118455528870917719,Открытие вклада
1837484,EXECUTED,2023-08-30T15:59:33Z,31858,Riels,KHR,null,Счет 29532014093950544161,Открытие вклада
5161584,PENDING,2021-01-10T11:47:23Z,21117,Baht,THB,Visa 7161243147790334,Счет 76355617883095566183,Перевод организации
4566720,EXECUTED,2023-04-28T09:11:59Z,23337,Rupiah,IDR,Mastercard 7043145252705225,Discover 8612251241069277,Перевод с карты на карту
4692041,EXECUTED,2021-10-25T12:32:28Z,18106,Ruble,RUB,Mastercard 7725500610751579,Discover 8189486607683162,Перевод с карты на карту
69381,EXECUTED,2023-06-25T00:54:54Z,25034,Peso,PHP,Discover 2069258528599252,American Express 0280213857169957,Перевод с карты на карту
2618986,EXECUTED,2021-04-23T06:29:57Z,14889,Yuan Renminbi,CNY,null,Счет 86227039343761470585,Открытие вклада
2848273,PENDING,2023-01-13T20:34:02Z,18871,Tugrik,MNT,null,Счет 13106498680479579714,Открытие вклада
3558365,EXECUTED,2021-10-27T04:17:02Z,11390,Dinar,RSD,Discover 8135220731606501,Visa 8519337879237891,Перевод с карты на карту
5141301,EXECUTED,2021-02-10T05:48:31Z,34449,Peso,MXN,Mastercard 9094554442125191,Mastercard 0219801027470764,Перевод с карты на карту
2015703,CANCELED,2021-02-06T16:02:25Z,13613,Ruble,RUB,Visa 5309985455135498,Mastercard 4613141986927768,Перевод с карты на карту
2440823,EXECUTED,2022-04-28T04:35:47Z,26452,Yuan Renminbi,CNY,Счет 57068616020551568657,Счет 39472302173419179046,Перевод со счета на счет
3799548,EXECUTED,2021-07-10T23:06:35Z,16367,Zloty,PLN,Mastercard 9455110822097544,Mastercard 1174677334919819,Перевод с карты на карту
4632105,EXECUTED,2021-06-28T18:34:24Z,23503,Litas,LTL,null,Счет 57504665654485902218,Открытие вклада
5284252,EXECUTED,2022-09-10T20:15:23Z,32460,Peso,COP,American Express 1332351885092152,Discover 5220316125164765,Перевод с карты на карту
4131632,EXECUTED,2023-01-28T14:07:13Z,23279,Sol,PEN,Счет 93939790195798221726,Счет 31058385359716629835,Перевод со счета на счет
2261762,EXECUTED,2021-09-05T10:35:35Z,14166,Rand,ZAR,American Express 9413119380041772,Счет 07723181147351793754,Перевод организации
1877911,EXECUTED,2022-01-16T22:55:45Z,19402,Yuan Renminbi,CNY,Discover 7966414999631451,Visa 9890884966614254,Перевод с карты на карту
2504417,EXECUTED,2020-12-08T13:19:50Z,16974,Litas,LTL,Mastercard 8188447897681996,Discover 1532509159225769,Перевод с карты на карту
698356,EXECUTED,2023-05-03T13:51:53Z,32796,Euro,EUR,Visa 8747160483988946,Discover 4433701462447192,Перевод с карты на карту
3146089,PENDING,2023-03-09T07:50:56Z,30095,Cordoba,NIO,Mastercard 1871929909720556,Mastercard 4747357637092907,Перевод с карты на карту
1389857,EXECUTED,2020-11-17T17:09:13Z,21603,Dollar,CAD,null,Счет 27138777924099074002,Открытие вклада
1291866,EXECUTED,2021-01-15T07:59:44Z,32422,Peso,PHP,Discover 6160432739111739,Visa 8699751959491458,Перевод с карты на карту
103583,EXECUTED,2020-09-17T05:18:29Z,17874,Peso,PHP,Visa 4855085387443296,Счет 75072264654916538239,Перевод организации
1779770,EXECUTED,2021-01-01T05:06:24Z,24045,Euro,EUR,American Express 3974807204664022,Visa 7286072015230056,Перевод с карты на карту
1526737,EXECUTED,2021-05-01T13:44:54Z,25899,Sol,PEN,Visa 3678907439193029,Visa 2372278911720651,Перевод с карты на карту
5051972,EXECUTED,2023-08-25T19:34:26Z,22833,Ruble,RUB,Счет 57132829784776201423,Счет 95605694496875862934,Перевод со счета на счет
1268635,CANCELED,2021-01-14T18:55:07Z,12828,Real,BRL,null,Счет 32248526147178442424,Открытие вклада
4858820,EXECUTED,2023-11-10T01:45:02Z,26587,Euro,EUR,American Express 7790762190747026,Discover 3102325449843941,Перевод с карты на карту
2856643,EXECUTED,2020-07-23T19:59:43Z,18385,Rupiah,IDR,Visa 4452086855883327,Счет 43327248645163885009,Перевод организации
4379476,EXECUTED,2023-05-29T06:15:58Z,28530,Baht,THB,Счет 60460176411943071352,Счет 02531502899282069991,Перевод со счета на счет
5413248,EXECUTED,2022-03-12T14:36:54Z,29415,Rupee,PKR,null,Счет 02009734256372108572,Открытие вклада
427908,CANCELED,2021-05-21T09:37:56Z,20044,Euro,EUR,Discover 7329967510672138,Mastercard 1651093824373527,Перевод с карты на карту
4799791,CANCELED,2021-10-25T05:00:24Z,30532,Rand,ZAR,American Express 1585770926274017,Visa 8095447901346272,Перевод с карты на карту
516388,PENDING,2020-11-22T16:56:55Z,27921,Dinar,JOD,Mastercard 7201033785622479,Счет 28268105792239263134,Перевод организации
165674,EXECUTED,2020-10-25T14:02:21Z,32941,Yuan Renminbi,CNY,null,Счет 62088989336251710706,Открытие вклада
599923,EXECUTED,2022-05-17T01:20:27Z,23726,Hryvnia,UAH,null,Счет 84264068172369308606,Открытие вклада
3348456,EXECUTED,2020-10-07T00:05:53Z,15868,Dollar,JMD,Discover 8768998127167498,Visa 7059136579061251,Перевод с карты на карту
4715639,EXECUTED,2023-10-05T15:48:11Z,28229,Euro,EUR,Mastercard 4045132467361262,Mastercard 2093800981966818,Перевод с карты на карту
313261,EXECUTED,2021-08-05T15:53:37Z,32359,Dollar,CAD,Discover 5633142677244160,American Express 2510622542505947,Перевод с карты на карту
1867114,EXECUTED,2021-05-10T18:55:29Z,14544,Gourde,HTG,Mastercard 0767525826606493,Счет 76157683185767446509,Перевод организации
285162,EXECUTED,2020-02-16T05:57:14Z,14998,Euro,EUR,Visa 5657694484999647,Счет 80381715426372893972,Перевод организации
497278,EXECUTED,2023-11-04T10:07:05Z,18259,Yuan Renminbi,CNY,Discover 6474281107647502,Visa 8491958677715838,Перевод с карты на карту
1065717,EXECUTED,2022-12-19T10:33:12Z,21179,Yuan Renminbi,CNY,American Express 8437146360943076,American Express 5093867135550233,Перевод с карты на карту
5066038,CANCELED,2023-10-23T04:42:50Z,33373,Yuan Renminbi,CNY,American Express 3496806381597278,Visa 8206482923610786,Перевод с карты на карту
1103761,EXECUTED,2022-09-05T18:55:31Z,29638,Peso,MXN,null,Счет 19915646485862087669,Открытие вклада
4157727,EXECUTED,2022-06-08T08:56:00Z,19642,Yen,JPY,Счет 76170734056444515565,Счет 16776970109008326532,Перевод со счета на счет
2170443,EXECUTED,2020-10-12T11:43:12Z,18929,Rupiah,IDR,Visa 4357435066781652,Mastercard 3980149543055441,Перевод с карты на карту
2768700,EXECUTED,2022-12-09T10:30:47Z,31541,Yuan Renminbi,CNY,American Express 3917140279307975,Счет 67480370130234579704,Перевод организации
2779676,EXECUTED,2022-12-14T01:20:02Z,31997,Peso,PHP,null,Счет 36959393271857469011,Открытие вклада
1636392,EXECUTED,2020-10-09T13:42:51Z,32675,Hryvnia,UAH,Visa 5622320098751018,American Express 9646724948127424,Перевод с карты на карту
1220204,PENDING,2022-02-11T01:31:51Z,11686,Dollar,USD,Mastercard 4605227118045463,American Express 5253972174427993,Перевод с карты на карту
2612559,EXECUTED,2020-11-09T01:34:23Z,12505,Rupiah,IDR,Mastercard 2161735462269647,Discover 3710533858903808,Перевод с карты на карту
4220427,EXECUTED,2023-05-26T00:40:59Z,34477,Yuan Renminbi,CNY,null,Счет 27967733688093193493,Открытие вклада
2180051,EXECUTED,2021-07-13T13:44:08Z,26229,Yuan Renminbi,CNY,American Express 4987984228872591,Visa 4571058139331541,Перевод с карты на карту
3265994,EXECUTED,2021-01-04T00:40:24Z,12175,Euro,EUR,Discover 5698303813934732,Mastercard 4993499245569158,Перевод с карты на карту
2874559,CANCELED,2023-04-04T01:40:32Z,26271,Dong,VND,Счет 87857417708290551554,Счет 75937590161240188351,Перевод со счета на счет
1752261,EXECUTED,2022-03-13T06:24:13Z,16105,Yuan Renminbi,CNY,Счет 57185666036563288369,Счет 24037153264218146997,Перевод со счета на счет
3293666,EXECUTED,2021-10-21T21:27:25Z,20226,Rupiah,IDR,American Express 6878155879211457,Счет 42275872782498273368,Перевод организации
4398234,CANCELED,2022-02-07T11:16:13Z,12401,Yuan Renminbi,CNY,Visa 8558887913089962,Mastercard 3909517031900117,Перевод с карты на карту
5078913,EXECUTED,2020-05-15T20:21:44Z,26841,Real,BRL,Счет 43559796431246044450,Счет 98354868807139994886,Перевод со счета на счет
315118,EXECUTED,2022-01-24T22:14:18Z,18375,Real,BRL,American Express 2480367472994462,Mastercard 4521076609337930,Перевод с карты на карту
1405514,EXECUTED,2022-07-16T15:00:03Z,27973,Euro,EUR,American Express 1620672545542386,Discover 3537623788743996,Перевод с карты на карту
4856011,EXECUTED,2023-09-03T13:48:39Z,13736,Peso,COP,American Express 4598676860466978,Visa 6432513452624085,Перевод с карты на карту
3080997,PENDING,2020-02-18T14:48:09Z,31240,Baht,THB,null,Счет 49075406587701019462,Открытие вклада
2372913,EXECUTED,2021-12-23T05:49:35Z,29756,Euro,EUR,Mastercard 2962471103747210,Mastercard 8006836243194434,Перевод с карты на карту
4288910,EXECUTED,2020-01-22T23:32:19Z,17427,Dollar,USD,Discover 6357710409200211,Discover 7853440366492448,Перевод с карты на карту
3905902,EXECUTED,2023-10-19T04:49:15Z,14851,Yuan Renminbi,CNY,Mastercard 1389144549734760,Visa 0622153483708283,Перевод с карты на карту
3802489,EXECUTED,2023-06-11T08:38:41Z,21486,Kuna,HRK,Visa 7722613807556977,Discover 0419279908718259,Перевод с карты на карту
5241258,EXECUTED,2020-04-10T14:15:23Z,18901,Peso,PHP,Mastercard 7835867325654631,American Express 0263122731060414,Перевод с карты на карту
932069,EXECUTED,2021-02-14T01:24:27Z,33842,Dirham,MAD,Visa 6338892083719095,Discover 2097678340200439,Перевод с карты на карту
4372369,EXECUTED,2022-01-09T13:00:35Z,27054,Won,KRW,null,Счет 99981146477220272211,Открытие вклада
3557278,EXECUTED,2022-10-29T11:04:18Z,27107,Yuan Renminbi,CNY,Mastercard 7066377810350699,Discover 8834717800191373,Перевод с карты на карту
1640248,CANCELED,2021-04-24T09:12:18Z,20096,Yuan Renminbi,CNY,Счет 77459660583522546848,Счет 52538532882036368465,Перевод со счета на счет
3466477,EXECUTED,2020-07-17T07:53:58Z,14751,Rupiah,IDR,null,Счет 11263001250909315476,Открытие вклада
2090119,CANCELED,2022-06-13T07:18:04Z,11923,Zloty,PLN,American Express 7233096254302821,Visa 6641376791467180,Перевод с карты на карту
552769,PENDING,2020-01-02T01:26:47Z,26325,Krona,SEK,Discover 5367334867736788,Visa 3673180759636903,Перевод с карты на карту
4602358,EXECUTED,2023-01-05T05:12:20Z,11538,Peso,PHP,Visa 7979998533005962,American Express 6467723373556273,Перевод с карты на карту
458944,CANCELED,2020-04-07T18:13:33Z,16648,Dinar,IQD,American Express 5433716431161557,Счет 17804206516630702474,Перевод организации
2343100,EXECUTED,2020-03-18T02:25:33Z,29859,Dinar,RSD,American Express 0001582014663571,Счет 47130101453512537161,Перевод организации
2195935,EXECUTED,2020-05-10T08:19:35Z,29722,Ruble,RUB,Visa 7657178713716531,Mastercard 5442625865778510,Перевод с карты на карту
1186662,EXECUTED,2023-04-26T18:41:38Z,20851,Yuan Renminbi,CNY,null,Счет 24959113964401211024,Открытие вклада
3323241,EXECUTED,2022-03-24T11:13:12Z,16344,Quetzal,GTQ,Счет 14840445076358976699,Счет 81787719736196028511,Перевод со счета на счет
2086410,EXECUTED,2020-03-07T10:20:49Z,30407,Dollar,USD,American Express 2430550940249883,Discover 4073868448421578,Перевод с карты на карту
1719740,EXECUTED,2022-11-01T02:35:33Z,14657,Euro,EUR,Discover 8059091120978858,Discover 3178468384166806,Перевод с карты на карту
2528921,EXECUTED,2020-04-06T22:04:31Z,33699,Balboa,PAB,Discover 7657609003064147,Visa 9077385031674512,Перевод с карты на карту
1550748,EXECUTED,2020-12-20T10:14:22Z,19306,Koruna,CZK,null,Счет 49010837140620856640,Открытие вклада
1245114,CANCELED,2020-08-10T01:33:39Z,30746,Peso,PHP,American Express 7340522625561382,Discover 5823271504082258,Перевод с карты на карту
1791608,CANCELED,2021-09-08T21:54:50Z,15359,Euro,EUR,null,Счет 71399560945195372702,Открытие вклада
1704928,CANCELED,2020-04-05T09:29:38Z,11098,Real,BRL,Счет 97691497364996298588,Счет 24094403658821176005,Перевод со счета на счет
5498000,EXECUTED,2021-05-27T01:12:30Z,17124,Marka,BAM,null,Счет 40145527411284575160,Открытие вклада
3254346,EXECUTED,2022-05-10T15:06:31Z,13771,Litas,LTL,Discover 8020274399250564,Счет 02758420057800026510,Перевод организации
2922262,EXECUTED,2022-04-23T23:00:09Z,27433,Yuan Renminbi,CNY,Visa 5488728885763190,Счет 87170037147073147269,Перевод организации
4924156,EXECUTED,2023-08-06T11:33:32Z,33126,Denar,MKD,Discover 2339380742597632,Visa 2088677133569433,Перевод с карты на карту
3540021,CANCELED,2023-08-28T15:29:28Z,22006,Dong,VND,Mastercard 7487798860102050,Discover 4423630875275675,Перевод с карты на карту
4652239,EXECUTED,2022-12-18T17:00:08Z,20189,Dollar,USD,Discover 2032550149240407,Mastercard 2809850448261413,Перевод с карты на карту
3394763,PENDING,2023-07-10T09:48:18Z,31406,Yen,JPY,Discover 0769625831234066,Счет 89698444160396708996,Перевод организации
979422,EXECUTED,2020-11-20T13:39:38Z,16251,Shilling,TZS,Счет 46521228493651494017,Счет 09144849759359943547,Перевод со счета на счет
3830511,CANCELED,2021-02-05T12:09:44Z,26412,Dollar,USD,American Express 6641970848513913,Discover 8592554087973711,Перевод с карты на карту
2758596,EXECUTED,2020-06-13T23:25:06Z,31924,Lempira,HNL,Счет 68978928590306954950,Счет 27561169743799850218,Перевод со счета на счет
2322602,EXECUTED,2022-12-13T23:56:06Z,13162,Baht,THB,American Express 8315367292137553,Visa 5029386422397300,Перевод с карты на карту
4053607,EXECUTED,2021-05-16T22:32:10Z,30161,Won,KRW,Discover 3921787690085936,Visa 6327765659778676,Перевод с карты на карту
4653425,EXECUTED,2020-03-10T07:48:21Z,22131,Ruble,RUB,null,Счет 58936710508356884628,Открытие вклада
54964,EXECUTED,2021-12-10T18:57:40Z,22004,Lev,BGN,Mastercard 8319949688821984,Счет 75343891571160401295,Перевод организации
671684,PENDING,2022-06-13T02:46:42Z,27114,Dollar,BSD,Discover 9737807541197254,Discover 0342605798844488,Перевод с карты на карту
1530853,EXECUTED,2023-03-25T02:49:04Z,16225,Ruble,RUB,Visa 3723527446109611,American Express 4201111974501655,Перевод с карты на карту
4046342,EXECUTED,2021-05-30T21:24:58Z,30809,Shilling,KES,null,Счет 31757737111676188174,Открытие вклада
4868743,EXECUTED,2023-06-02T17:38:49Z,25466,Franc,XAF,Discover 2291933346309832,Discover 0007270646235480,Перевод с карты на карту
3801652,EXECUTED,2020-10-26T06:44:26Z,18631,Yen,JPY,Discover 3352302313813914,Discover 6039705280196064,Перевод с карты на карту
1266540,CANCELED,2021-01-16T07:04:37Z,23425,Krona,SEK,Discover 7609280748367597,Mastercard 3235903132271088,Перевод с карты на карту
3564308,EXECUTED,2021-06-16T05:57:59Z,25597,Real,BRL,Discover 1882531866695504,Счет 24530348457345266291,Перевод организации
4174847,PENDING,2020-11-03T14:32:33Z,15196,Dong,VND,Mastercard 2491943868249693,Discover 7077798977965820,Перевод с карты на карту
1358991,EXECUTED,2022-11-13T17:23:42Z,14452,Real,BRL,Discover 1890046118897112,Visa 9110921278168459,Перевод с карты на карту
3684712,PENDING,2022-08-11T10:02:03Z,13555,Yuan Renminbi,CNY,American Express 3187719566240886,American Express 4694809375452950,Перевод с карты на карту
2775790,EXECUTED,2023-07-13T20:41:51Z,23631,Euro,EUR,Mastercard 3370350683899060,American Express 2476281211960798,Перевод с карты на карту
483191,CANCELED,2020-03-18T22:00:33Z,28335,Franc,CDF,Visa 7846435045835047,Visa 1765434509166157,Перевод с карты на карту
1590257,EXECUTED,2020-08-23T16:50:02Z,18125,Sol,PEN,Discover 5020024016629777,Счет 42664874246663137228,Перевод организации
4321278,EXECUTED,2020-02-17T07:54:35Z,22591,Rupiah,IDR,Mastercard 5905157222782716,American Express 7089979630546906,Перевод с карты на карту
669986,EXECUTED,2021-02-09T12:29:24Z,31203,Peso,ARS,Discover 6609487226994255,Visa 6305863757362411,Перевод с карты на карту
3814820,EXECUTED,2023-08-28T09:59:42Z,28013,Yuan Renminbi,CNY,Mastercard 4234000441650576,Discover 3933903042666138,Перевод с карты на карту
5512660,EXECUTED,2023-07-17T00:37:52Z,21630,Yuan Renminbi,CNY,null,Счет 48304319882799433995,Открытие вклада
4764613,EXECUTED,2023-06-02T00:44:00Z,16959,Kuna,HRK,American Express 5113924719239020,Visa 0627655376765476,Перевод с карты на карту
2684913,EXECUTED,2020-02-21T04:16:52Z,11082,Peso,PHP,Discover 0098601984618494,Счет 51471076874228770489,Перевод организации
3289667,EXECUTED,2022-04-23T04:33:55Z,26455,Peso,ARS,Счет 19086873684048615734,Счет 27514188033181070743,Перевод со счета на счет
1392577,EXECUTED,2020-07-18T06:22:59Z,22984,Hryvnia,UAH,Visa 1382079771511686,Visa 7451706409749862,Перевод с карты на карту
4151319,CANCELED,2022-09-29T23:26:19Z,18632,Pound,SYP,Mastercard 7126748663400920,Discover 3711265561152876,Перевод с карты на карту
70456,EXECUTED,2022-11-02T06:16:26Z,33555,Rupiah,IDR,Mastercard 3492322065367002,Discover 1726772400544696,Перевод с карты на карту
5078313,EXECUTED,2022-07-19T15:50:06Z,17340,Marka,BAM,Счет 34485318400658005662,Счет 98941396862837805086,Перевод со счета на счет
4748095,EXECUTED,2021-09-19T10:25:05Z,16564,Yen,JPY,Mastercard 1124084936973048,Discover 9601299687986348,Перевод с карты на карту
836624,EXECUTED,2021-09-14T13:57:40Z,29137,Rupiah,IDR,Visa 3930407493134701,Mastercard 1078610629376324,Перевод с карты на карту
1879427,EXECUTED,2021-05-15T10:38:25Z,27278,Yuan Renminbi,CNY,American Express 4414746205922787,Счет 63197597432207846649,Перевод организации
506069,EXECUTED,2022-05-17T08:15:20Z,24700,Rupiah,IDR,American Express 9096782518164587,Visa 1510222054531082,Перевод с карты на карту
3944280,EXECUTED,2021-01-16T20:08:51Z,19585,Kuna,HRK,American Express 3762157291217241,Mastercard 5012118975998108,Перевод с карты на карту
4864986,EXECUTED,2021-12-31T05:42:43Z,23443,Shilling,TZS,null,Счет 69168538284565863078,Открытие вклада
2176860,EXECUTED,2022-06-20T21:17:01Z,20308,Yuan Renminbi,CNY,Discover 0153927190818970,Mastercard 3624186902340150,Перевод с карты на карту
3724901,PENDING,2021-05-29T19:53:57Z,33410,Rupiah,IDR,American Express 0208810830776920,Mastercard 4495966967290894,Перевод с карты на карту
756717,EXECUTED,2021-04-13T16:52:20Z,24061,Lek,ALL,Mastercard 3767462721428983,Счет 08305981361546630534,Перевод организации
1864822,EXECUTED,2020-04-06T17:36:04Z,28676,Lev,BGN,Счет 34646320890722856821,Счет 53152097374271262585,Перевод со счета на счет
5305401,CANCELED,2023-11-09T22:09:50Z,31501,Peso,PHP,American Express 7446594163242457,Discover 7331634528411583,Перевод с карты на карту
1999804,PENDING,2023-10-28T11:17:31Z,34455,Hryvnia,UAH,Счет 42109207415591580635,Счет 74058089109726743250,Перевод со счета на счет
1976993,PENDING,2021-10-07T19:24:50Z,14950,Pound,SYP,Discover 5138829471442482,Счет 86520143612658802382,Перевод организации
5078149,EXECUTED,2022-05-09T20:41:50Z,32935,Peso,PHP,null,Счет 56639415357930291265,Открытие вклада
1560456,PENDING,2023-07-08T15:38:24Z,15726,Rupiah,IDR,Visa 1576854615043358,Счет 55484214540765770320,Перевод организации
